Customer ID,First Name,Last Name,Email Address,City,State,Country,Total Spend,Notes,Last Purchase
CUST001,Isla,Martin,customer1@example.com,City1,State1,USA,100,Regular Customer,247
CUST002,Hannah,Taylor,customer2@example.com,City2,State2,USA,200,Regular Customer,672
CUST003,Olivia,Jones,customer3@example.com,City3,State3,USA,300,Regular Customer,816
CUST004,Alice,Martin,customer4@example.com,City4,State4,USA,400,Regular Customer,957
CUST005,Alice,Lee,customer5@example.com,City0,State5,USA,500,Regular Customer,388
CUST006,Quinn,Rodriguez,customer6@example.com,City1,State6,USA,600,Regular Customer,491
CUST007,Paul,Jones,customer7@example.com,City2,State7,USA,700,Regular Customer,123
CUST008,Bob,Jones,customer8@example.com,City3,State8,USA,800,Regular Customer,674
CUST009,Edward,Thomas,customer9@example.com,City4,State9,USA,900,Regular Customer,56
CUST010,Olivia,Wilson,customer10@example.com,City0,State0,USA,1000,Regular Customer,813
CUST011,Charlie,Garcia,customer11@example.com,City1,State1,USA,1100,Regular Customer,90
CUST012,John,Jackson,customer12@example.com,City2,State2,USA,1200,Regular Customer,307
CUST013,Quinn,Jackson,customer13@example.com,City3,State3,USA,1300,Regular Customer,170
CUST014,Paul,Anderson,customer14@example.com,City4,State4,USA,1400,Regular Customer,452
CUST015,Paul,Taylor,customer15@example.com,City0,State5,USA,0,Regular Customer,861
CUST016,John,Thomas,customer16@example.com,City1,State6,USA,100,Regular Customer,528
CUST017,Fiona,Smith,customer17@example.com,City2,State7,USA,200,Regular Customer,785
CUST018,Edward,Martin,customer18@example.com,City3,State8,USA,300,Regular Customer,348
CUST019,Bob,Davis,customer19@example.com,City4,State9,USA,400,Regular Customer,697
CUST020,Olivia,Wilson,customer20@example.com,City0,State0,USA,500,Regular Customer,491
CUST021,Liam,Martin,customer21@example.com,City1,State1,USA,600,Regular Customer,579
CUST022,Jack,Jackson,customer22@example.com,City2,State2,USA,700,Regular Customer,460
CUST023,Charlie,Williams,customer23@example.com,City3,State3,USA,800,Regular Customer,338
CUST024,Quinn,Williams,customer24@example.com,City4,State4,USA,900,Regular Customer,212
CUST025,Paul,Smith,customer25@example.com,City0,State5,USA,1000,Regular Customer,579
CUST026,Diana,Garcia,customer26@example.com,City1,State6,USA,1100,Regular Customer,835
CUST027,Isla,Anderson,customer27@example.com,City2,State7,USA,1200,Regular Customer,39
CUST028,Olivia,Taylor,customer28@example.com,City3,State8,USA,1300,Regular Customer,125
CUST029,Alice,Martinez,customer29@example.com,City4,State9,USA,1400,Regular Customer,583
CUST030,George,Hernandez,customer30@example.com,City0,State0,USA,0,Regular Customer,72
CUST031,Sophia,Martinez,customer31@example.com,City1,State1,USA,100,Regular Customer,927
CUST032,John,Miller,customer32@example.com,City2,State2,USA,200,Regular Customer,459
CUST033,Jack,Wilson,customer33@example.com,City3,State3,USA,300,Regular Customer,911
CUST034,Isla,Jackson,customer34@example.com,City4,State4,USA,400,Regular Customer,267
CUST035,Liam,Martin,customer35@example.com,City0,State5,USA,500,Regular Customer,604
CUST036,George,Taylor,customer36@example.com,City1,State6,USA,600,Regular Customer,832
CUST037,Mia,Hernandez,customer37@example.com,City2,State7,USA,700,Regular Customer,546
CUST038,Sophia,Jones,customer38@example.com,City3,State8,USA,800,Regular Customer,28
CUST039,Alice,Lee,customer39@example.com,City4,State9,USA,900,Regular Customer,159
CUST040,John,Martin,customer40@example.com,City0,State0,USA,1000,Regular Customer,93
CUST041,George,Jackson,customer41@example.com,City1,State1,USA,1100,Regular Customer,604
CUST042,Mia,Johnson,customer42@example.com,City2,State2,USA,1200,Regular Customer,113
CUST043,Isla,Lee,customer43@example.com,City3,State3,USA,1300,Regular Customer,293
CUST044,Quinn,Anderson,customer44@example.com,City4,State4,USA,1400,Regular Customer,871
CUST045,Isla,Lopez,customer45@example.com,City0,State5,USA,0,Regular Customer,92
CUST046,Diana,Rodriguez,customer46@example.com,City1,State6,USA,100,Regular Customer,745
CUST047,John,Smith,customer47@example.com,City2,State7,USA,200,Regular Customer,688
CUST048,Bob,Brown,customer48@example.com,City3,State8,USA,300,Regular Customer,172
CUST049,Quinn,Jones,customer49@example.com,City4,State9,USA,400,Regular Customer,401
CUST050,Isla,Hernandez,customer50@example.com,City0,State0,USA,500,Regular Customer,
